Topic,Status
https://docs.splunk.com/Documentation:AddOns:Akamai:Configuresharedtokens:previous,Ok (https://dev.splunk.com/)
https://docs.splunk.com/Documentation:AddOns:Akamai:Configuresharedtokens:unreleased,Ok (https://dev.splunk.com/)
https://docs.splunk.com/Documentation:AddOns:Akamai:Hardwareandsoftwarerequirements:previous,Ok (https://dev.splunk.com/)
https://docs.splunk.com/Documentation:AddOns:Akamai:Hardwareandsoftwarerequirements:unreleased,Ok (https://dev.splunk.com/)
https://docs.splunk.com/Documentation:AddOns:Akamai:Install:previous,Ok (https://dev.splunk.com/)
https://docs.splunk.com/Documentation:AddOns:Akamai:Install:unreleased,Ok (https://dev.splunk.com/)
https://docs.splunk.com/Documentation:AddOns:Firehose:ConfigureHECdistributed:previous,Ok (https://dev.splunk.com/)
https://docs.splunk.com/Documentation:AddOns:Firehose:ConfigureHECdistributed:released,Ok (http://dev.splunk.com)
https://docs.splunk.com/Documentation:AddOns:Firehose:ConfigureHECdistributed:released,404 (http://dev.splunk.com/view/event-collector/SP-CAAAE73#setup)
https://docs.splunk.com/Documentation:AddOns:Firehose:ConfigureHECdistributed:staging,Ok (https://dev.splunk.com/)
https://docs.splunk.com/Documentation:AddOns:Firehose:ConfigureHECdistributed:unreleased,Ok (https://dev.splunk.com/)
https://docs.splunk.com/Documentation:AddOns:Firehose:Hardwareandsoftwarerequirements:previous,Ok (https://dev.splunk.com/)
https://docs.splunk.com/Documentation:AddOns:Firehose:Hardwareandsoftwarerequirements:released,Ok (http://dev.splunk.com)
https://docs.splunk.com/Documentation:AddOns:Firehose:Hardwareandsoftwarerequirements:released,404 (http://dev.splunk.com/view/event-collector/SP-CAAAE6P#meta)
https://docs.splunk.com/Documentation:AddOns:Firehose:Hardwareandsoftwarerequirements:staging,Ok (https://dev.splunk.com/)
https://docs.splunk.com/Documentation:AddOns:Firehose:Hardwareandsoftwarerequirements:unreleased,Ok (https://dev.splunk.com/)
https://docs.splunk.com/Documentation:AddOns:Firehose:Troubleshoot:previous,Ok (https://dev.splunk.com/)
https://docs.splunk.com/Documentation:AddOns:Firehose:Troubleshoot:released,Ok (http://dev.splunk.com)
https://docs.splunk.com/Documentation:AddOns:Firehose:Troubleshoot:released,404 (http://dev.splunk.com/view/event-collector/SP-CAAAE8X)
https://docs.splunk.com/Documentation:AddOns:Firehose:Troubleshoot:staging,Ok (https://dev.splunk.com/)
https://docs.splunk.com/Documentation:AddOns:Firehose:Troubleshoot:unreleased,Ok (https://dev.splunk.com/)
https://docs.splunk.com/Documentation:Addon,Ok (http://dev.splunk.com)
https://docs.splunk.com/Documentation:AddonBuilder:UserGuide:BeforeYouBegin:3.0.1,Ok (https://dev.splunk.com/)
https://docs.splunk.com/Documentation:AddonBuilder:UserGuide:ConfigureDataCollection:3.0.1,Ok (https://dev.splunk.com/)
https://docs.splunk.com/Documentation:AddonBuilder:UserGuide:ConfigureDataCollectionAdvanced:3.0.1,Ok (https://dev.splunk.com/)
https://docs.splunk.com/Documentation:AddonBuilder:UserGuide:ConfigureDataCollectionShell:3.0.1,Ok (https://dev.splunk.com/)
https://docs.splunk.com/Documentation:AddonBuilder:UserGuide:CreateAlertActions:3.0.1,Ok (https://dev.splunk.com/)
https://docs.splunk.com/Documentation:AddonBuilder:UserGuide:Installation:3.0.1,Ok (https://dev.splunk.com/)
https://docs.splunk.com/Documentation:AddonBuilder:UserGuide:Learnmore:3.0.1,Ok (https://dev.splunk.com/)
https://docs.splunk.com/Documentation:AddonBuilder:UserGuide:Overview:3.0.1,Ok (https://dev.splunk.com/)
https://docs.splunk.com/Documentation:AddonBuilder:UserGuide:UseTheApp:3.0.1,Ok (https://dev.splunk.com/)
https://docs.splunk.com/Documentation:AddonBuilder:UserGuide:Validate:3.0.1,Ok (https://dev.splunk.com/)
https://docs.splunk.com/Documentation:Akamai:Installation:Hardwareandsoftwarerequirements:1.2.0,Ok (https://dev.splunk.com/)
https://docs.splunk.com/Documentation:CIM:User:Releasenotes:4.9.1,Ok (http://dev.splunk.com)
https://docs.splunk.com/Documentation:CIM:User:Releasenotes:4.9.1,Ok (http://dev.splunk.com/view/enterprise-security/SP-CAAAFBH)
https://docs.splunk.com/Documentation:CIM:User:Releasenotes:BellTolls,Ok (https://dev.splunk.com/)
https://docs.splunk.com/Documentation:CIM:User:UsetheCAM:4.1.0,Ok (http://dev.splunk.com)
https://docs.splunk.com/Documentation:CIM:User:UsetheCAM:4.10.0,Ok (http://dev.splunk.com)
https://docs.splunk.com/Documentation:CIM:User:UsetheCAM:4.10.0,Ok (http://dev.splunk.com/view/enterprise-security/SP-CAAAFBF)
https://docs.splunk.com/Documentation:CIM:User:UsetheCAM:4.10.0,Ok (http://dev.splunk.com/view/enterprise-security/SP-CAAAFBE)
https://docs.splunk.com/Documentation:CIM:User:UsetheCAM:BellTolls,Ok (https://dev.splunk.com/)
https://docs.splunk.com/Documentation:CIM:User:UsetheCAM:TrappedUnderIce,Ok (https://dev.splunk.com/)
https://docs.splunk.com/Documentation:CIM:User:UsetheCIMtonormalizedataatsearchtime:4.3.0,Ok (http://dev.splunk.com)
https://docs.splunk.com/Documentation:CIM:User:UsetheCIMtonormalizedataatsearchtime:4.3.0,Ok (http://dev.splunk.com/view/SP-CAAAEMY)
https://docs.splunk.com/Documentation:CIM:User:UsetheCIMtonormalizedataatsearchtime:TrappedUnderIce,Ok (https://dev.splunk.com/)
https://docs.splunk.com/Documentation:CoE:Handbook:Logging:current,Ok (https://dev.splunk.com/)
https://docs.splunk.com/Documentation:CoE:Handbook:Logging:drafts,Ok (https://dev.splunk.com/)
https://docs.splunk.com/Documentation:CoE:Handbook:Logging:ssf,Ok (http://dev.splunk.com)
https://docs.splunk.com/Documentation:CoE:Handbook:Logging:ssf,Ok (http://dev.splunk.com/view/logging-best-practices/SP-CAAAFCK)
https://docs.splunk.com/Documentation:CoE:Handbook:SandBoxing:current,Ok (https://dev.splunk.com/)
https://docs.splunk.com/Documentation:CoE:Handbook:SandBoxing:drafts,Ok (https://dev.splunk.com/)
https://docs.splunk.com/Documentation:CoE:Handbook:SandBoxing:ssf,Ok (http://dev.splunk.com)
https://docs.splunk.com/Documentation:CoE:Handbook:SandBoxing:ssf,Ok (http://dev.splunk.com/page/developer_license_sign_up)
https://docs.splunk.com/Documentation:CoE:Handbook:WelcomePage:current,Ok (https://dev.splunk.com/)
https://docs.splunk.com/Documentation:CoE:Handbook:WelcomePage:drafts,Ok (https://dev.splunk.com/)
https://docs.splunk.com/Documentation:CoE:Handbook:WelcomePage:ssf,Ok (http://dev.splunk.com)
https://docs.splunk.com/Documentation:CoE:Handbook:WelcomePage:ssf,Ok (https://dev.splunk.com/view/SP-CAAAEP9#default)
https://docs.splunk.com/Documentation:CoE:Handbook:Workspace:current,Ok (https://dev.splunk.com/)
https://docs.splunk.com/Documentation:CoE:Handbook:Workspace:drafts,Ok (https://dev.splunk.com/)
https://docs.splunk.com/Documentation:CoE:Handbook:Workspace:ssf,Ok (http://dev.splunk.com)
https://docs.splunk.com/Documentation:CoE:Handbook:Workspace:ssf,Ok (http://dev.splunk.com/view/webframework-developapps/SP-CAAAEUC)
https://docs.splunk.com/Documentation:Community:community:Resources:1.0,Ok (http://dev.splunk.com)
https://docs.splunk.com/Documentation:Community:community:Resources:1.0,Ok (http://dev.splunk.com)
https://docs.splunk.com/Documentation:DFSManager:User:ErrorMessages:drafts,Ok (https://dev.splunk.com/)
https://docs.splunk.com/Documentation:DSP:Data:Sources:1.1.0,Ok (https://dev.splunk.com/)
https://docs.splunk.com/Documentation:DSP:Reference:Intro:1.0.0,Ok (http://dev.splunk.com)
https://docs.splunk.com/Documentation:DSP:Reference:Intro:drafts,Ok (https://dev.splunk.com/)
https://docs.splunk.com/Documentation:DSP:Reference:Introduction:1.0.0,Ok (http://dev.splunk.com)
https://docs.splunk.com/Documentation:DSP:Reference:Introduction:1.0.0,Ok (https://dev.splunk.com/enterprise/reference)
https://docs.splunk.com/Documentation:DSP:User:ActivationCheckpoints:1.1.0,Ok (https://dev.splunk.com/)
https://docs.splunk.com/Documentation:DSP:User:Sinkfunctions:1.0.1,Ok (https://dev.splunk.com/)
https://docs.splunk.com/Documentation:Documentation/AddonBuilder/3.0.0/UserGuide/ConfigureDataCollectionShell,Ok (http://dev.splunk.com)
https://docs.splunk.com/Documentation:Documentation/Splunk/6.2beta/RESTREF/RESTdeployExamples,Ok (https://dev.splunk.com/)
https://docs.splunk.com/Documentation:ES:API:NotableEventAPIreference:4.6.0,Ok (http://dev.splunk.com)
https://docs.splunk.com/Documentation:ES:API:NotableEventAPIreference:4.6.0,Ok (http://dev.splunk.com/view/enterprise-security/SP-CAAAFA9)
https://docs.splunk.com/Documentation:ES:API:NotableEventAPIreference:4.6.0,Ok (http://dev.splunk.com/view/enterprise-security/SP-CAAAFBA)
https://docs.splunk.com/Documentation:ES:API:ThreatIntelligenceAPIreference:4.7.3,Ok (http://dev.splunk.com)
https://docs.splunk.com/Documentation:ES:API:ThreatIntelligenceAPIreference:4.7.3,Ok (http://dev.splunk.com/view/enterprise-security/SP-CAAAFBC)
https://docs.splunk.com/Documentation:ES:API:ThreatIntelligenceAPIreference:4.7.3,Ok (http://dev.splunk.com/view/enterprise-security/SP-CAAAFBC)
https://docs.splunk.com/Documentation:ES:API:ThreatIntelligenceAPIreference:F1,Ok (https://dev.splunk.com/)
https://docs.splunk.com/Documentation:ES:Admin:Addthreatintel:4.7.0,Ok (http://dev.splunk.com)
https://docs.splunk.com/Documentation:ES:Admin:Addthreatintel:4.7.0,Ok (http://dev.splunk.com/view/enterprise-security/SP-CAAAFBC)
https://docs.splunk.com/Documentation:ES:Admin:Addthreatintel:drafts,Ok (https://dev.splunk.com/)
https://docs.splunk.com/Documentation:ES:Admin:Customizeinvestigations:5.2.0,Ok (http://dev.splunk.com)
https://docs.splunk.com/Documentation:ES:Admin:Customizeinvestigations:5.2.0,Ok (http://dev.splunk.com/view/webframework-developapps/SP-CAAAE88)
https://docs.splunk.com/Documentation:ES:Admin:Customizeinvestigations:Ghibli,Ok (https://dev.splunk.com/)
https://docs.splunk.com/Documentation:ES:Admin:Customizeinvestigations:Interceptor,Ok (https://dev.splunk.com/)
https://docs.splunk.com/Documentation:ES:Admin:Dashboardrequirements:5.2.0,Ok (http://dev.splunk.com)
https://docs.splunk.com/Documentation:ES:Admin:Dashboardrequirements:5.2.0,Ok (http://dev.splunk.com/view/enterprise-security/SP-CAAAFBM#incidentmanagement)
https://docs.splunk.com/Documentation:ES:Admin:Dashboardrequirements:5.2.0,Ok (http://dev.splunk.com/view/enterprise-security/SP-CAAAFBM#risk)
https://docs.splunk.com/Documentation:ES:Admin:Dashboardrequirements:5.2.0,Ok (http://dev.splunk.com/view/enterprise-security/SP-CAAAFBM#risk)
https://docs.splunk.com/Documentation:ES:Admin:Dashboardrequirements:F1,Ok (https://dev.splunk.com/)
https://docs.splunk.com/Documentation:ES:Admin:Dashboardrequirements:Interceptor,Ok (https://dev.splunk.com/)
https://docs.splunk.com/Documentation:ES:Admin:Expandtoken:F1,Ok (https://dev.splunk.com/)
https://docs.splunk.com/Documentation:ES:Admin:Expandtoken:drafts,Ok (https://dev.splunk.com/)
https://docs.splunk.com/Documentation:ES:Admin:IRoverview:5.2.0,Ok (http://dev.splunk.com)
https://docs.splunk.com/Documentation:AddOns:Akamai:Configuresharedtokens:previous,Ok (https://dev.splunk.com/)
https://docs.splunk.com/Documentation:AddOns:Akamai:Configuresharedtokens:unreleased,Ok (https://dev.splunk.com/)
https://docs.splunk.com/Documentation:AddOns:Akamai:Hardwareandsoftwarerequirements:previous,Ok (https://dev.splunk.com/)
https://docs.splunk.com/Documentation:AddOns:Akamai:Hardwareandsoftwarerequirements:unreleased,Ok (https://dev.splunk.com/)
https://docs.splunk.com/Documentation:AddOns:Akamai:Install:previous,Ok (https://dev.splunk.com/)
https://docs.splunk.com/Documentation:AddOns:Akamai:Install:unreleased,Ok (https://dev.splunk.com/)
https://docs.splunk.com/Documentation:AddOns:Firehose:ConfigureHECdistributed:previous,Ok (https://dev.splunk.com/)
https://docs.splunk.com/Documentation:AddOns:Firehose:ConfigureHECdistributed:released,Ok (http://dev.splunk.com)
https://docs.splunk.com/Documentation:AddOns:Firehose:ConfigureHECdistributed:released,404 (http://dev.splunk.com/view/event-collector/SP-CAAAE73#setup)
https://docs.splunk.com/Documentation:AddOns:Firehose:ConfigureHECdistributed:staging,Ok (https://dev.splunk.com/)
https://docs.splunk.com/Documentation:AddOns:Firehose:ConfigureHECdistributed:unreleased,Ok (https://dev.splunk.com/)
https://docs.splunk.com/Documentation:AddOns:Firehose:Hardwareandsoftwarerequirements:previous,Ok (https://dev.splunk.com/)
https://docs.splunk.com/Documentation:AddOns:Firehose:Hardwareandsoftwarerequirements:released,Ok (http://dev.splunk.com)
https://docs.splunk.com/Documentation:AddOns:Firehose:Hardwareandsoftwarerequirements:released,404 (http://dev.splunk.com/view/event-collector/SP-CAAAE6P#meta)
https://docs.splunk.com/Documentation:AddOns:Firehose:Hardwareandsoftwarerequirements:staging,Ok (https://dev.splunk.com/)
https://docs.splunk.com/Documentation:AddOns:Firehose:Hardwareandsoftwarerequirements:unreleased,Ok (https://dev.splunk.com/)
https://docs.splunk.com/Documentation:AddOns:Firehose:Troubleshoot:previous,Ok (https://dev.splunk.com/)
https://docs.splunk.com/Documentation:AddOns:Firehose:Troubleshoot:released,Ok (http://dev.splunk.com)
https://docs.splunk.com/Documentation:AddOns:Firehose:Troubleshoot:released,404 (http://dev.splunk.com/view/event-collector/SP-CAAAE8X)
https://docs.splunk.com/Documentation:AddOns:Firehose:Troubleshoot:staging,Ok (https://dev.splunk.com/)
https://docs.splunk.com/Documentation:AddOns:Firehose:Troubleshoot:unreleased,Ok (https://dev.splunk.com/)
https://docs.splunk.com/Documentation:Addon,Ok (http://dev.splunk.com)
https://docs.splunk.com/Documentation:AddonBuilder:UserGuide:BeforeYouBegin:3.0.1,Ok (https://dev.splunk.com/)
https://docs.splunk.com/Documentation:AddonBuilder:UserGuide:ConfigureDataCollection:3.0.1,Ok (https://dev.splunk.com/)
https://docs.splunk.com/Documentation:AddonBuilder:UserGuide:ConfigureDataCollectionAdvanced:3.0.1,Ok (https://dev.splunk.com/)
https://docs.splunk.com/Documentation:AddonBuilder:UserGuide:ConfigureDataCollectionShell:3.0.1,Ok (https://dev.splunk.com/)
https://docs.splunk.com/Documentation:AddonBuilder:UserGuide:CreateAlertActions:3.0.1,Ok (https://dev.splunk.com/)
https://docs.splunk.com/Documentation:AddonBuilder:UserGuide:Installation:3.0.1,Ok (https://dev.splunk.com/)
https://docs.splunk.com/Documentation:AddonBuilder:UserGuide:Learnmore:3.0.1,Ok (https://dev.splunk.com/)
https://docs.splunk.com/Documentation:AddonBuilder:UserGuide:Overview:3.0.1,Ok (https://dev.splunk.com/)
https://docs.splunk.com/Documentation:AddonBuilder:UserGuide:UseTheApp:3.0.1,Ok (https://dev.splunk.com/)
https://docs.splunk.com/Documentation:AddonBuilder:UserGuide:Validate:3.0.1,Ok (https://dev.splunk.com/)
https://docs.splunk.com/Documentation:Akamai:Installation:Hardwareandsoftwarerequirements:1.2.0,Ok (https://dev.splunk.com/)
https://docs.splunk.com/Documentation:CIM:User:Releasenotes:4.9.1,Ok (http://dev.splunk.com)
https://docs.splunk.com/Documentation:CIM:User:Releasenotes:4.9.1,Ok (http://dev.splunk.com/view/enterprise-security/SP-CAAAFBH)
https://docs.splunk.com/Documentation:CIM:User:Releasenotes:BellTolls,Ok (https://dev.splunk.com/)
https://docs.splunk.com/Documentation:CIM:User:UsetheCAM:4.1.0,Ok (http://dev.splunk.com)
https://docs.splunk.com/Documentation:CIM:User:UsetheCAM:4.10.0,Ok (http://dev.splunk.com)
https://docs.splunk.com/Documentation:CIM:User:UsetheCAM:4.10.0,Ok (http://dev.splunk.com/view/enterprise-security/SP-CAAAFBF)
https://docs.splunk.com/Documentation:CIM:User:UsetheCAM:4.10.0,Ok (http://dev.splunk.com/view/enterprise-security/SP-CAAAFBE)
https://docs.splunk.com/Documentation:CIM:User:UsetheCAM:BellTolls,Ok (https://dev.splunk.com/)
https://docs.splunk.com/Documentation:CIM:User:UsetheCAM:TrappedUnderIce,Ok (https://dev.splunk.com/)
https://docs.splunk.com/Documentation:CIM:User:UsetheCIMtonormalizedataatsearchtime:4.3.0,Ok (http://dev.splunk.com)
https://docs.splunk.com/Documentation:CIM:User:UsetheCIMtonormalizedataatsearchtime:4.3.0,Ok (http://dev.splunk.com/view/SP-CAAAEMY)
https://docs.splunk.com/Documentation:CIM:User:UsetheCIMtonormalizedataatsearchtime:TrappedUnderIce,Ok (https://dev.splunk.com/)
https://docs.splunk.com/Documentation:CoE:Handbook:Logging:current,Ok (https://dev.splunk.com/)
https://docs.splunk.com/Documentation:CoE:Handbook:Logging:drafts,Ok (https://dev.splunk.com/)
https://docs.splunk.com/Documentation:CoE:Handbook:Logging:ssf,Ok (http://dev.splunk.com)
https://docs.splunk.com/Documentation:CoE:Handbook:Logging:ssf,Ok (http://dev.splunk.com/view/logging-best-practices/SP-CAAAFCK)
https://docs.splunk.com/Documentation:CoE:Handbook:SandBoxing:current,Ok (https://dev.splunk.com/)
https://docs.splunk.com/Documentation:CoE:Handbook:SandBoxing:drafts,Ok (https://dev.splunk.com/)
https://docs.splunk.com/Documentation:CoE:Handbook:SandBoxing:ssf,Ok (http://dev.splunk.com)
https://docs.splunk.com/Documentation:CoE:Handbook:SandBoxing:ssf,Ok (http://dev.splunk.com/page/developer_license_sign_up)
https://docs.splunk.com/Documentation:CoE:Handbook:WelcomePage:current,Ok (https://dev.splunk.com/)
https://docs.splunk.com/Documentation:CoE:Handbook:WelcomePage:drafts,Ok (https://dev.splunk.com/)
https://docs.splunk.com/Documentation:CoE:Handbook:WelcomePage:ssf,Ok (http://dev.splunk.com)
https://docs.splunk.com/Documentation:CoE:Handbook:WelcomePage:ssf,Ok (https://dev.splunk.com/view/SP-CAAAEP9#default)
https://docs.splunk.com/Documentation:CoE:Handbook:Workspace:current,Ok (https://dev.splunk.com/)
https://docs.splunk.com/Documentation:CoE:Handbook:Workspace:drafts,Ok (https://dev.splunk.com/)
https://docs.splunk.com/Documentation:CoE:Handbook:Workspace:ssf,Ok (http://dev.splunk.com)
https://docs.splunk.com/Documentation:CoE:Handbook:Workspace:ssf,Ok (http://dev.splunk.com/view/webframework-developapps/SP-CAAAEUC)
https://docs.splunk.com/Documentation:Community:community:Resources:1.0,Ok (http://dev.splunk.com)
https://docs.splunk.com/Documentation:Community:community:Resources:1.0,Ok (http://dev.splunk.com)
https://docs.splunk.com/Documentation:DFSManager:User:ErrorMessages:drafts,Ok (https://dev.splunk.com/)
https://docs.splunk.com/Documentation:DSP:Data:Sources:1.1.0,Ok (https://dev.splunk.com/)
https://docs.splunk.com/Documentation:DSP:Reference:Intro:1.0.0,Ok (http://dev.splunk.com)
https://docs.splunk.com/Documentation:DSP:Reference:Intro:drafts,Ok (https://dev.splunk.com/)
https://docs.splunk.com/Documentation:DSP:Reference:Introduction:1.0.0,Ok (http://dev.splunk.com)
https://docs.splunk.com/Documentation:DSP:Reference:Introduction:1.0.0,Ok (https://dev.splunk.com/enterprise/reference)
https://docs.splunk.com/Documentation:DSP:User:ActivationCheckpoints:1.1.0,Ok (https://dev.splunk.com/)
https://docs.splunk.com/Documentation:DSP:User:Sinkfunctions:1.0.1,Ok (https://dev.splunk.com/)
https://docs.splunk.com/Documentation:Documentation/AddonBuilder/3.0.0/UserGuide/ConfigureDataCollectionShell,Ok (http://dev.splunk.com)
https://docs.splunk.com/Documentation:Documentation/Splunk/6.2beta/RESTREF/RESTdeployExamples,Ok (https://dev.splunk.com/)
https://docs.splunk.com/Documentation:ES:API:NotableEventAPIreference:4.6.0,Ok (http://dev.splunk.com)
https://docs.splunk.com/Documentation:ES:API:NotableEventAPIreference:4.6.0,Ok (http://dev.splunk.com/view/enterprise-security/SP-CAAAFA9)
https://docs.splunk.com/Documentation:ES:API:NotableEventAPIreference:4.6.0,Ok (http://dev.splunk.com/view/enterprise-security/SP-CAAAFBA)
https://docs.splunk.com/Documentation:ES:API:ThreatIntelligenceAPIreference:4.7.3,Ok (http://dev.splunk.com)
https://docs.splunk.com/Documentation:ES:API:ThreatIntelligenceAPIreference:4.7.3,Ok (http://dev.splunk.com/view/enterprise-security/SP-CAAAFBC)
https://docs.splunk.com/Documentation:ES:API:ThreatIntelligenceAPIreference:4.7.3,Ok (http://dev.splunk.com/view/enterprise-security/SP-CAAAFBC)
https://docs.splunk.com/Documentation:ES:API:ThreatIntelligenceAPIreference:F1,Ok (https://dev.splunk.com/)
https://docs.splunk.com/Documentation:ES:Admin:Addthreatintel:4.7.0,Ok (http://dev.splunk.com)
https://docs.splunk.com/Documentation:ES:Admin:Addthreatintel:4.7.0,Ok (http://dev.splunk.com/view/enterprise-security/SP-CAAAFBC)
https://docs.splunk.com/Documentation:ES:Admin:Addthreatintel:drafts,Ok (https://dev.splunk.com/)
https://docs.splunk.com/Documentation:ES:Admin:Customizeinvestigations:5.2.0,Ok (http://dev.splunk.com)
https://docs.splunk.com/Documentation:ES:Admin:Customizeinvestigations:5.2.0,Ok (http://dev.splunk.com/view/webframework-developapps/SP-CAAAE88)
https://docs.splunk.com/Documentation:ES:Admin:Customizeinvestigations:Ghibli,Ok (https://dev.splunk.com/)
https://docs.splunk.com/Documentation:ES:Admin:Customizeinvestigations:Interceptor,Ok (https://dev.splunk.com/)
https://docs.splunk.com/Documentation:ES:Admin:Dashboardrequirements:5.2.0,Ok (http://dev.splunk.com)
https://docs.splunk.com/Documentation:ES:Admin:Dashboardrequirements:5.2.0,Ok (http://dev.splunk.com/view/enterprise-security/SP-CAAAFBM#incidentmanagement)
https://docs.splunk.com/Documentation:ES:Admin:Dashboardrequirements:5.2.0,Ok (http://dev.splunk.com/view/enterprise-security/SP-CAAAFBM#risk)
https://docs.splunk.com/Documentation:ES:Admin:Dashboardrequirements:5.2.0,Ok (http://dev.splunk.com/view/enterprise-security/SP-CAAAFBM#risk)
https://docs.splunk.com/Documentation:ES:Admin:Dashboardrequirements:F1,Ok (https://dev.splunk.com/)
https://docs.splunk.com/Documentation:ES:Admin:Dashboardrequirements:Interceptor,Ok (https://dev.splunk.com/)
https://docs.splunk.com/Documentation:ES:Admin:Expandtoken:F1,Ok (https://dev.splunk.com/)
https://docs.splunk.com/Documentation:ES:Admin:Expandtoken:drafts,Ok (https://dev.splunk.com/)
https://docs.splunk.com/Documentation:ES:Admin:IRoverview:5.2.0,Ok (http://dev.splunk.com)
https://docs.splunk.com/Documentation:ES:Admin:IRoverview:5.2.0,Ok (http://dev.splunk.com/view/enterprise-security/SP-CAAAFA9)
https://docs.splunk.com/Documentation:ES:Admin:IRoverview:drafts,Ok (https://dev.splunk.com/)
https://docs.splunk.com/Documentation:ES:Admin:Manageinternallookups:5.2.0,Ok (http://dev.splunk.com)
https://docs.splunk.com/Documentation:ES:Admin:Manageinternallookups:5.2.0,Ok (http://dev.splunk.com/view/enterprise-security/SP-CAAAFBC)
https://docs.splunk.com/Documentation:ES:Admin:Manageinternallookups:Interceptor,Ok (https://dev.splunk.com/)
https://docs.splunk.com/Documentation:ES:Admin:Setupadaptiveresponse:5.2.0,Ok (http://dev.splunk.com)
https://docs.splunk.com/Documentation:ES:Admin:Setupadaptiveresponse:5.2.0,Ok (http://dev.splunk.com/view/enterprise-security/SP-CAAAFBF)
https://docs.splunk.com/Documentation:ES:Admin:Setupadaptiveresponse:5.2.0,Ok (http://dev.splunk.com/view/enterprise-security/SP-CAAAFBE#adhoc)
https://docs.splunk.com/Documentation:ES:Admin:Setupadaptiveresponse:Interceptor,Ok (https://dev.splunk.com/)
https://docs.splunk.com/Documentation:ES:Install:Datamodels:4.7.0,Ok (http://dev.splunk.com)
https://docs.splunk.com/Documentation:ES:Install:Datamodels:4.7.0,Ok (http://dev.splunk.com/view/enterprise-security/SP-CAAAFBM)
https://docs.splunk.com/Documentation:ES:Install:Datamodels:Caterham,Ok (https://dev.splunk.com/)
https://docs.splunk.com/Documentation:ES:Install:Datamodels:Dino,Ok (https://dev.splunk.com/)
https://docs.splunk.com/Documentation:ES:Install:Datamodels:F1,Ok (https://dev.splunk.com/)
https://docs.splunk.com/Documentation:ES:Install:Datamodels:Interceptor,Ok (https://dev.splunk.com/)
https://docs.splunk.com/Documentation:ES:Install:Datamodels:drafts,Ok (https://dev.splunk.com/)
https://docs.splunk.com/Documentation:ES:Install:InstallTechnologyAdd-ons:6.0.0,Ok (http://dev.splunk.com)
https://docs.splunk.com/Documentation:ES:Install:InstallTechnologyAdd-ons:6.0.0,Ok (http://dev.splunk.com/view/enterprise-security/SP-CAAAFBN)
https://docs.splunk.com/Documentation:ES:Install:InstallTechnologyAdd-ons:Caterham,Ok (https://dev.splunk.com/)
https://docs.splunk.com/Documentation:ES:Install:InstallTechnologyAdd-ons:F1,Ok (https://dev.splunk.com/)
https://docs.splunk.com/Documentation:ES:Install:InstallTechnologyAdd-ons:drafts,Ok (https://dev.splunk.com/)
https://docs.splunk.com/Documentation:ES:RN:Enhancements:4.7.6,Ok (http://dev.splunk.com)
https://docs.splunk.com/Documentation:ES:RN:Enhancements:4.7.6,Ok (http://dev.splunk.com/view/enterprise-security/SP-CAAAFA6#naveditor)
https://docs.splunk.com/Documentation:ES:RN:Enhancements:Caterham,Ok (https://dev.splunk.com/)
https://docs.splunk.com/Documentation:ES:RN:Enhancements:Dino,Ok (https://dev.splunk.com/)
https://docs.splunk.com/Documentation:ES:User:Audit:6.0.0,Ok (http://dev.splunk.com)
https://docs.splunk.com/Documentation:ES:User:Audit:6.0.0,Ok (http://dev.splunk.com/view/enterprise-security/SP-CAAAFBA)
https://docs.splunk.com/Documentation:ES:User:Audit:F1,Ok (https://dev.splunk.com/)
https://docs.splunk.com/Documentation:ES:User:Audit:Interceptor,Ok (https://dev.splunk.com/)
https://docs.splunk.com/Documentation:ES:User:Audit:drafts,Ok (https://dev.splunk.com/)
https://docs.splunk.com/Documentation:ES:User:Configureblocklists:Dino,Ok (https://dev.splunk.com/)
https://docs.splunk.com/Documentation:ES:User:NotableEvents:4.5.0,Ok (http://dev.splunk.com)
https://docs.splunk.com/Documentation:ES:User:NotableEvents:4.5.0,Ok (http://dev.splunk.com/view/enterprise-security/SP-CAAAFBA)
https://docs.splunk.com/Documentation:ES:User:RiskScoring:4.7.0,Ok (http://dev.splunk.com)
https://docs.splunk.com/Documentation:ES:User:RiskScoring:4.7.0,Ok (http://dev.splunk.com/view/enterprise-security/SP-CAAAFBD#risksearch)
https://docs.splunk.com/Documentation:ES:User:RiskScoring:drafts,Ok (https://dev.splunk.com/)
https://docs.splunk.com/Documentation:ES:User:SetupAdaptiveResponse:4.1.0,Ok (http://dev.splunk.com)
https://docs.splunk.com/Documentation:ES:dev:Planningyourintegration:1.1,Ok (https://dev.splunk.com/)
https://docs.splunk.com/Documentation:Hunk:Hunk:Indexes:Sandbox,Ok (https://dev.splunk.com/)
https://docs.splunk.com/Documentation:Hunk:Hunk:Providers:Sandbox,Ok (https://dev.splunk.com/)
https://docs.splunk.com/Documentation:IAI:Administer:KepwareIOT:1.0.0,Ok (https://dev.splunk.com/)
https://docs.splunk.com/Documentation:ITSI:Configure:ITSIlogfiles:3.0.0,Ok (http://dev.splunk.com)
https://docs.splunk.com/Documentation:ITSI:IModules:AboutITSIModules:4.3.0,Ok (http://dev.splunk.com)
https://docs.splunk.com/Documentation:ITSI:IModules:AboutITSIModules:4.3.0,404 (http://dev.splunk.com/view/module-builder/SP-CAAAFAE)
https://docs.splunk.com/Documentation:ITSI:IModules:ApplicationServermoduletroubleshooting:2.7.0,Ok (https://dev.splunk.com/)
https://docs.splunk.com/Documentation:ITSI:IModules:Databasemoduletroubleshooting:2.7.0,Ok (https://dev.splunk.com/)
https://docs.splunk.com/Documentation:ITSI:IModules:Loadbalancermoduletroubleshooting:2.7.0,Ok (https://dev.splunk.com/)
https://docs.splunk.com/Documentation:ITSI:IModules:OSmoduletroubleshooting:2.7.0,Ok (https://dev.splunk.com/)
https://docs.splunk.com/Documentation:ITSI:IModules:StorageModuletroubleshooting:2.7.0,Ok (https://dev.splunk.com/)
https://docs.splunk.com/Documentation:ITSI:IModules:Troubleshootingmodules:2.5.0,Ok (http://dev.splunk.com)
https://docs.splunk.com/Documentation:ITSI:IModules:Troubleshootingmodules:2.5.0,Ok (http://dev.splunk.com/view/SP-CAAAEP9)
https://docs.splunk.com/Documentation:ITSI:IModules:VirtualizationModuletroubleshooting:2.7.0,Ok (https://dev.splunk.com/)
https://docs.splunk.com/Documentation:ITSI:RESTAPI:ITSIRESTAPIschema:4.3.0,Ok (http://dev.splunk.com)
https://docs.splunk.com/Documentation:ITSI:RESTAPI:ITSIRESTAPIschema:4.3.0,Ok (http://dev.splunk.com/view/SP-CAAAEY7)
https://docs.splunk.com/Documentation:ITSI:ReleaseNotes:MongoDB:1.0Preview,Ok (https://dev.splunk.com/)
https://docs.splunk.com/Documentation:ITSI:ReleaseNotes:Removedfeatures:Mystique,Ok (https://dev.splunk.com/)
https://docs.splunk.com/Documentation:ITSI:User:ITSIModules:4.0.0,Ok (http://dev.splunk.com)
https://docs.splunk.com/Documentation:ITSI:User:ITSIModules:4.0.0,404 (http://dev.splunk.com/view/module-builder/SP-CAAAFAE)
https://docs.splunk.com/Documentation:Installonmanagedcloud,Ok (http://dev.splunk.com)
https://docs.splunk.com/Documentation:InstallselfserviceinstallmanagedSplunkCloud,Ok (http://dev.splunk.com)
https://docs.splunk.com/Documentation:KFHEventFormattingRequirements,Ok (http://dev.splunk.com)
https://docs.splunk.com/Documentation:KVstorecaptain,Ok (http://dev.splunk.com)
https://docs.splunk.com/Documentation:KafkaConnect:User:SystemRequirements:1.1.1,Ok (http://dev.splunk.com)
https://docs.splunk.com/Documentation:KafkaConnect:User:SystemRequirements:1.1.1,404 (http://dev.splunk.com/view/event-collector/SP-CAAAE8X#enable)
https://docs.splunk.com/Documentation:Lab:Compatibility:ChangesCloud:drafts,Ok (https://dev.splunk.com/)
https://docs.splunk.com/Documentation:Lab:Compatibility:PythonDevelopment:drafts,Ok (https://dev.splunk.com/)
https://docs.splunk.com/Documentation:Lab:Compatibility:Resources:drafts,Ok (https://dev.splunk.com/)
https://docs.splunk.com/Documentation:Lab:ECManual:AboutSplunkEnterprise:drafts,Ok (https://dev.splunk.com/)
https://docs.splunk.com/Documentation:Lab:ECManual:BadExercise:drafts,Ok (https://dev.splunk.com/)
https://docs.splunk.com/Documentation:Lab:ECManual:Extending:drafts,Ok (https://dev.splunk.com/)
https://docs.splunk.com/Documentation:Lab:ECManual:Searchandreport:drafts,Ok (https://dev.splunk.com/)
https://docs.splunk.com/Documentation:Lab:ECManual:SplunkEnterpriseSupport:drafts,Ok (https://dev.splunk.com/)
https://docs.splunk.com/Documentation:Lab:ScreenReader:BadExample:drafts,Ok (https://dev.splunk.com/)
https://docs.splunk.com/Documentation:Lab:SupportCP:SupportAdd-onBuilder:drafts,Ok (https://dev.splunk.com/)
https://docs.splunk.com/Documentation:MLApp:API:MLSPLlearn:4.4.0,Ok (http://dev.splunk.com)
https://docs.splunk.com/Documentation:MLApp:API:MLSPLlearn:4.4.0,404 (http://dev.splunk.com/view/app-cert/SP-CAAAFEP)
https://docs.splunk.com/Documentation:MLApp:API:Packaging:4.4.0,Ok (http://dev.splunk.com)
https://docs.splunk.com/Documentation:MLApp:API:Packaging:4.4.0,Ok (http://dev.splunk.com/view/webframework-developapps/SP-CAAAEUC)
https://docs.splunk.com/Documentation:MLApp:User:About:4.2.0,Ok (http://dev.splunk.com)
https://docs.splunk.com/Documentation:MLApp:User:About:4.2.0,404 (http://dev.splunk.com/view/app-cert/SP-CAAAFEP)
https://docs.splunk.com/Documentation:MLApp:User:MLTKresources:5.0.0,Ok (http://dev.splunk.com)
https://docs.splunk.com/Documentation:MLApp:User:MLTKresources:5.0.0,404 (http://dev.splunk.com/view/app-cert/SP-CAAAFEP)
https://docs.splunk.com/Documentation:MLApp:User:Models:4.4.0,Ok (http://dev.splunk.com)
https://docs.splunk.com/Documentation:MLApp:User:Models:4.4.0,404 (http://dev.splunk.com/view/get-started/SP-CAAAESC)
https://docs.splunk.com/Documentation:Managedcloud,Ok (http://dev.splunk.com)
https://docs.splunk.com/Documentation:Mint:ProductOverview:AboutSplunkMINTdatacollection:1.0,Ok (http://dev.splunk.com)
https://docs.splunk.com/Documentation:Mint:ProductOverview:AboutSplunkMINTdatacollection:1.0,Ok (http://dev.splunk.com/view/event-collector/SP-CAAAE6M)
https://docs.splunk.com/Documentation:Mint:ProductOverview:AboutSplunkMINTdatacollection:WiP,Ok (https://dev.splunk.com/)
https://docs.splunk.com/Documentation:MobileApp:Install:Login:2.1.1,Ok (https://dev.splunk.com/)
https://docs.splunk.com/Documentation:MobileServer:Install:SplunkMobileAccessdeploymentarchitecture:1.0,Ok (http://dev.splunk.com)
https://docs.splunk.com/Documentation:PCI:User:SetupAdaptiveResponse:3.5.0,Ok (http://dev.splunk.com)
https://docs.splunk.com/Documentation:PCI:User:SetupAdaptiveResponse:3.5.0,Ok (http://dev.splunk.com/view/enterprise-security/SP-CAAAFBF)
https://docs.splunk.com/Documentation:PCI:User:SetupAdaptiveResponse:3.5.0,Ok (http://dev.splunk.com/view/enterprise-security/SP-CAAAFBE#adhoc)
https://docs.splunk.com/Documentation:Packagingtoolkit,Ok (http://dev.splunk.com)
https://docs.splunk.com/Documentation:Partitioning,Ok (http://dev.splunk.com)
https://docs.splunk.com/Documentation:Permissions,Ok (http://dev.splunk.com)
https://docs.splunk.com/Documentation:Products,Ok (http://dev.splunk.com)
https://docs.splunk.com/Documentation:Products,Ok (http://dev.splunk.com/view/python-sdk/SP-CAAAEBB)
https://docs.splunk.com/Documentation:Products,Ok (http://dev.splunk.com/view/java-sdk/SP-CAAAECN)
https://docs.splunk.com/Documentation:Products,Ok (http://dev.splunk.com/view/javascript-sdk/SP-CAAAECM)
https://docs.splunk.com/Documentation:Products,Ok (http://dev.splunk.com/view/csharp-sdk/SP-CAAAEPK)
https://docs.splunk.com/Documentation:Products,Ok (http://dev.splunk.com/view/splunk-logging-javascript/SP-CAAAE6U)
https://docs.splunk.com/Documentation:Products,Ok (http://dev.splunk.com/view/splunk-logging-java/SP-CAAAE2K)
https://docs.splunk.com/Documentation:Products,Ok (http://dev.splunk.com/view/splunk-loglib-dotnet/SP-CAAAEX4)
https://docs.splunk.com/Documentation:Products,404 (http://dev.splunk.com/view/javascript-sdk/SP-CAAAEJM)
https://docs.splunk.com/Documentation:Products,404 (http://dev.splunk.com/view/ruby-sdk/SP-CAAAENQ)
https://docs.splunk.com/Documentation:ProjectUnicorn:Admin:backup:1.0.0,Ok (http://dev.splunk.com)
https://docs.splunk.com/Documentation:ProjectUnicorn:Admin:backup:next,Ok (http://dev.splunk.com)
https://docs.splunk.com/Documentation:SBF:AdminManual:backup:-Latest-,Ok (http://dev.splunk.com)
https://docs.splunk.com/Documentation:SBF:AdminManual:backup:-Latest-,404 (http://dev.splunk.com/view/quickstart/SP-CAAAFDH)
https://docs.splunk.com/Documentation:SBF:AdminManual:backup:-Stable-,Ok (https://dev.splunk.com/)
https://docs.splunk.com/Documentation:SBF:AdminManual:backup:1.0.0,Ok (https://dev.splunk.com/)
https://docs.splunk.com/Documentation:SBF:AdminManual:backup:drafts,Ok (https://dev.splunk.com/)
https://docs.splunk.com/Documentation:Shared_72x_SetupHEC,Ok (http://dev.splunk.com)
https://docs.splunk.com/Documentation:Splunk:Admin:AboutKVstore:6.5.0,Ok (http://dev.splunk.com)
https://docs.splunk.com/Documentation:Splunk:Admin:AboutKVstore:6.5.0,Ok (http://dev.splunk.com/view/SP-CAAAEY7)
https://docs.splunk.com/Documentation:Splunk:Admin:AboutKVstore:6.5.0,Ok (http://dev.splunk.com/view/SP-CAAAEZJ)
https://docs.splunk.com/Documentation:Splunk:Admin:AboutKVstore:6.5.0,Ok (http://dev.splunk.com/view/SP-CAAAEZG)
https://docs.splunk.com/Documentation:Splunk:Admin:AboutKVstore:6.5.0,Ok (http://dev.splunk.com/view/SP-CAAAEZH)
https://docs.splunk.com/Documentation:Splunk:Admin:AboutKVstore:6.5.0,Ok (http://dev.splunk.com/view/SP-CAAAEZG)
https://docs.splunk.com/Documentation:Splunk:Admin:AboutKVstore:6.5.0,Ok (http://dev.splunk.com/view/SP-CAAAEZG)
https://docs.splunk.com/Documentation:Splunk:Admin:Appconf:8.0.2,Ok (https://dev.splunk.com/)
https://docs.splunk.com/Documentation:Splunk:Admin:DynamicMetadataAssignment:3.3,Ok (https://dev.splunk.com/)
https://docs.splunk.com/Documentation:Splunk:Admin:Listofconfigurationfiles:7.3.0,Ok (http://dev.splunk.com)
https://docs.splunk.com/Documentation:Splunk:Admin:Listofconfigurationfiles:7.3.0,Ok (http://dev.splunk.com/view/SP-CAAAE86)
https://docs.splunk.com/Documentation:Splunk:Admin:Managingappconfigurationsandproperties:6.5.0,Ok (http://dev.splunk.com)
https://docs.splunk.com/Documentation:Splunk:Admin:Managingappconfigurationsandproperties:6.5.0,404 (http://dev.splunk.com/view/SP-CAAAEM9)
https://docs.splunk.com/Documentation:Splunk:Admin:ScriptedAuthentication:3.2,Ok (https://dev.splunk.com/)
https://docs.splunk.com/Documentation:Splunk:Admin:SetUpAutorefresh:3.0,Ok (https://dev.splunk.com/)
https://docs.splunk.com/Documentation:Splunk:Admin:Whatsanapp:6.0beta,Ok (https://dev.splunk.com/)
https://docs.splunk.com/Documentation:Splunk:AdvancedDev:AppIntro:6.5.0,Ok (http://dev.splunk.com)
https://docs.splunk.com/Documentation:Splunk:AdvancedDev:AppIntro:6.5.0,Ok (https://dev.splunk.com/enterprise/docs/developapps/webframework/usewebframework)
https://docs.splunk.com/Documentation:Splunk:AdvancedDev:HowToUseThisManual:6.4.0,Ok (http://dev.splunk.com)
https://docs.splunk.com/Documentation:Splunk:AdvancedDev:HowToUseThisManual:6.4.0,404 (http://dev.splunk.com/sdks)
https://docs.splunk.com/Documentation:Splunk:AdvancedDev:HowToUseThisManual:6.4.0,404 (http://dev.splunk.com/view/python-sdk/SP-CAAAEU2)
https://docs.splunk.com/Documentation:Splunk:AdvancedDev:ModInputsBasicExample:6.3.0beta,Ok (https://dev.splunk.com/)
https://docs.splunk.com/Documentation:Splunk:AdvancedDev:ModInputsIntro:6.3.0beta,Ok (https://dev.splunk.com/)
https://docs.splunk.com/Documentation:Splunk:AdvancedDev:RESTIntro:6.2,Ok (http://dev.splunk.com)
https://docs.splunk.com/Documentation:Splunk:AdvancedDev:RESTIntro:6.2,Ok (http://dev.splunk.com/view/rest-api-overview/SP-CAAADP8)
https://docs.splunk.com/Documentation:Splunk:AdvancedDev:RESTIntro:6.2,Ok (http://dev.splunk.com)
https://docs.splunk.com/Documentation:Splunk:AdvancedDev:RESTIntro:6.2beta,Ok (https://dev.splunk.com/)
https://docs.splunk.com/Documentation:Splunk:AdvancedDev:RESTIntro:6.3.0beta,Ok (https://dev.splunk.com/)
https://docs.splunk.com/Documentation:Splunk:AdvancedDev:ScriptWriting:6.3.0beta,Ok (https://dev.splunk.com/)
https://docs.splunk.com/Documentation:Splunk:AdvancedDev:SplunkSDKs:6.3.0beta,Ok (https://dev.splunk.com/)
https://docs.splunk.com/Documentation:Splunk:AdvancedDev:Whatsinthismanual:8.0.0,Ok (http://dev.splunk.com)
https://docs.splunk.com/Documentation:Splunk:AdvancedDev:Whatsinthismanual:8.0.0,Ok (http://dev.splunk.com/view/SP-CAAAE8T)
https://docs.splunk.com/Documentation:Splunk:AdvancedDev:Whatsinthismanual:8.0.0,404 (http://dev.splunk.com/sdks)
https://docs.splunk.com/Documentation:Splunk:AdvancedDev:Whatsinthismanual:8.0.0,404 (http://dev.splunk.com/view/python-sdk/SP-CAAAEU2)
https://docs.splunk.com/Documentation:Splunk:Christina:CloudAppCert:1,Ok (https://dev.splunk.com/)
https://docs.splunk.com/Documentation:Splunk:CloudUG2:AdddatausingHTTPeventcollector1:1,Ok (https://dev.splunk.com/)
https://docs.splunk.com/Documentation:Splunk:CloudUG2:OptionsforaddingdatatoSplunkCloud:1,Ok (https://dev.splunk.com/)
https://docs.splunk.com/Documentation:Splunk:CloudUG:AdddatausingHTTPprotocol:1,Ok (https://dev.splunk.com/)
https://docs.splunk.com/Documentation:Splunk:CloudUG:GettingStartedWithSplunkCloud:1,Ok (https://dev.splunk.com/)
https://docs.splunk.com/Documentation:Splunk:CloudUG:OptionsforgettingdataintoSplunkCloud:1,Ok (https://dev.splunk.com/)
https://docs.splunk.com/Documentation:Splunk:DMC:Inputdashboards:6.5.0,Ok (http://dev.splunk.com)
https://docs.splunk.com/Documentation:Splunk:DMC:Inputdashboards:6.5.0,Ok (http://dev.splunk.com/view/event-collector/SP-CAAAE6M)
https://docs.splunk.com/Documentation:Splunk:DMC:Usefeaturemonitoring:8.0.0,Ok (http://dev.splunk.com)
https://docs.splunk.com/Documentation:Splunk:DMC:Usefeaturemonitoring:8.0.0,404 (http://dev.splunk.com/sdks)
https://docs.splunk.com/Documentation:Splunk:Data:AboutHEC:NightLight,Ok (https://dev.splunk.com/)
https://docs.splunk.com/Documentation:Splunk:Data:UsetheHTTPEventCollector:7.1.0,Ok (http://dev.splunk.com)
https://docs.splunk.com/Documentation:Splunk:Data:UsetheHTTPEventCollector:7.1.0,Ok (http://dev.splunk.com/view/splunk-logging-java/SP-CAAAE2K)
https://docs.splunk.com/Documentation:Splunk:Data:UsetheHTTPEventCollector:7.1.0,Ok (http://dev.splunk.com/view/splunk-logging-javascript/SP-CAAAE6U)
https://docs.splunk.com/Documentation:Splunk:Data:UsetheHTTPEventCollector:7.1.0,Ok (http://dev.splunk.com/view/splunk-loglib-dotnet/SP-CAAAEX4)
https://docs.splunk.com/Documentation:Splunk:Data:UsetheHTTPEventCollector:7.1.0,Ok (https://dev.splunk.com/view/event-collector/SP-CAAAE6M)
https://docs.splunk.com/Documentation:Splunk:DataOB:BestpracticesforindexingdatawithHEC:1,Ok (https://dev.splunk.com/)
https://docs.splunk.com/Documentation:Splunk:DataOB:Informationonotherdataon-boardingtools:1,Ok (https://dev.splunk.com/)
https://docs.splunk.com/Documentation:Splunk:Deploy:Postdeployment:6.5.0,Ok (http://dev.splunk.com)
https://docs.splunk.com/Documentation:Splunk:Deploy:Postdeployment:6.5.0,404 (http://dev.splunk.com/getstarted)
https://docs.splunk.com/Documentation:Splunk:Developer:DevIntro:4.3,Ok (https://dev.splunk.com/)
https://docs.splunk.com/Documentation:Splunk:Developer:ExtendSplunkIntro:4.2beta,Ok (https://dev.splunk.com/)
https://docs.splunk.com/Documentation:Splunk:Developer:GetStarted:3.3,Ok (https://dev.splunk.com/)
https://docs.splunk.com/Documentation:Splunk:Developer:HowToUseThisManual:4.3,Ok (https://dev.splunk.com/)
https://docs.splunk.com/Documentation:Splunk:Developer:OutputFormatsViaXML:3.3,Ok (https://dev.splunk.com/)
https://docs.splunk.com/Documentation:Splunk:Developer:Properties:3.2,Ok (https://dev.splunk.com/)
https://docs.splunk.com/Documentation:Splunk:Developer:PropertiesEndpoint:3.3,Ok (https://dev.splunk.com/)
https://docs.splunk.com/Documentation:Splunk:Developer:RESTAuth:4.0beta,Ok (https://dev.splunk.com/)
https://docs.splunk.com/Documentation:Splunk:Developer:RESTConfigureObjects:4.1,Ok (https://dev.splunk.com/)
https://docs.splunk.com/Documentation:Splunk:Developer:RESTConfigureObjects:4.2beta,Ok (https://dev.splunk.com/)
https://docs.splunk.com/Documentation:Splunk:Developer:RESTData:4.0beta,Ok (https://dev.splunk.com/)
https://docs.splunk.com/Documentation:Splunk:Developer:RESTIntro:4.3,Ok (https://dev.splunk.com/)
https://docs.splunk.com/Documentation:Splunk:Developer:RESTManageSplunk:4.1,Ok (https://dev.splunk.com/)
https://docs.splunk.com/Documentation:Splunk:Developer:RESTManageSplunk:4.2beta,Ok (https://dev.splunk.com/)
https://docs.splunk.com/Documentation:Splunk:Developer:RESTSearch:4.2beta,Ok (https://dev.splunk.com/)
https://docs.splunk.com/Documentation:Splunk:Developer:SavedEndpoint:3.3,Ok (https://dev.splunk.com/)
https://docs.splunk.com/Documentation:Splunk:Developer:Search:3.2,Ok (https://dev.splunk.com/)
https://docs.splunk.com/Documentation:Splunk:Developer:SearchEndpoint:3.3,Ok (https://dev.splunk.com/)
https://docs.splunk.com/Documentation:Splunk:Developer:SplunkSDKs:4.1,Ok (https://dev.splunk.com/)
https://docs.splunk.com/Documentation:Splunk:Developer:SplunksRESTAPI:3.3,Ok (https://dev.splunk.com/)
https://docs.splunk.com/Documentation:Splunk:Developer:Whatsinthismanual:4.3,Ok (https://dev.splunk.com/)
https://docs.splunk.com/Documentation:Splunk:HadoopAnalytics:Indexes:6.5.0,Ok (http://dev.splunk.com)
https://docs.splunk.com/Documentation:Splunk:HadoopAnalytics:Providers:6.5.0,Ok (http://dev.splunk.com)
https://docs.splunk.com/Documentation:Splunk:InheritedDeployment:Apps:7.2.5,Ok (http://dev.splunk.com)
https://docs.splunk.com/Documentation:Splunk:InheritedDeployment:Apps:7.2.5,Ok (http://dev.splunk.com/view/SP-CAAAEY7)
https://docs.splunk.com/Documentation:Splunk:InheritedDeploymentBP:Apps:1,Ok (https://dev.splunk.com/)
https://docs.splunk.com/Documentation:Splunk:Installation:ChangesforSplunkappdevelopers:7.3.0,Ok (http://dev.splunk.com)
https://docs.splunk.com/Documentation:Splunk:Installation:ChangesforSplunkappdevelopers:7.3.0,Ok (http://dev.splunk.com/)
https://docs.splunk.com/Documentation:Splunk:Knowledge:ConfigureKVstorelookups:6.5.1612,Ok (http://dev.splunk.com)
https://docs.splunk.com/Documentation:Splunk:Knowledge:ConfigureKVstorelookups:6.5.1612,Ok (http://dev.splunk.com/view/SP-CAAAEZH)
https://docs.splunk.com/Documentation:Splunk:Knowledge:ConfigureKVstorelookups:6.5.1612,Ok (http://dev.splunk.com/view/SP-CAAAEZJ)
https://docs.splunk.com/Documentation:Splunk:Knowledge:ConfigureKVstorelookups:6.5.1612,Ok (http://dev.splunk.com/view/SP-CAAAEZJ)
https://docs.splunk.com/Documentation:Splunk:Knowledge:ConfigureKVstorelookups:6.5.1612,Ok (http://dev.splunk.com/view/SP-CAAAEZH)
https://docs.splunk.com/Documentation:Splunk:Knowledge:DefineaKVStorelookupinSplunkWeb:6.5.1612,Ok (http://dev.splunk.com)
https://docs.splunk.com/Documentation:Splunk:Knowledge:DefineaKVStorelookupinSplunkWeb:6.5.1612,Ok (http://dev.splunk.com/view/SP-CAAAEZJ)
https://docs.splunk.com/Documentation:Splunk:Knowledge:DefineaKVStorelookupinSplunkWeb:6.5.1612,Ok (http://dev.splunk.com/view/SP-CAAAEZJ)
https://docs.splunk.com/Documentation:Splunk:Knowledge:DefineaKVStorelookupinSplunkWeb:6.5.1612,Ok (http://dev.splunk.com/view/SP-CAAAEZH)
https://docs.splunk.com/Documentation:Splunk:Knowledge:Makeyourlookupautomatic:5.0beta,Ok (https://dev.splunk.com/)
https://docs.splunk.com/Documentation:Splunk:Knowledge:Manageknowledgeobjectpermissions:6.5.0,Ok (http://dev.splunk.com)
https://docs.splunk.com/Documentation:Splunk:Knowledge:Manageknowledgeobjectpermissions:6.5.0,Ok (http://dev.splunk.com/view/SP-CAAAE88)
https://docs.splunk.com/Documentation:Splunk:Metrics:GetMetricsInOther:8.0.0,Ok (http://dev.splunk.com)
https://docs.splunk.com/Documentation:Splunk:Metrics:GetMetricsInOther:8.0.0,404 (http://dev.splunk.com/view/event-collector/SP-CAAAE7G)
https://docs.splunk.com/Documentation:Splunk:Metrics:GetMetricsInOther:8.0.0,404 (http://dev.splunk.com/view/event-collector/SP-CAAAE7G)
https://docs.splunk.com/Documentation:Splunk:Metrics:GetMetricsInOther:8.0.0,404 (http://dev.splunk.com/view/event-collector/SP-CAAAE6P)
https://docs.splunk.com/Documentation:Splunk:MikeG:Exportsearchresults:1,Ok (https://dev.splunk.com/)
https://docs.splunk.com/Documentation:Splunk:Overview:AboutSplunkEnterprise:6.1beta,Ok (https://dev.splunk.com/)
https://docs.splunk.com/Documentation:Splunk:Overview:Extending:6.2,Ok (http://dev.splunk.com)
https://docs.splunk.com/Documentation:Splunk:Overview:Extending:6.2,Ok (http://dev.splunk.com/view/web-framework/SP-CAAAER6)
https://docs.splunk.com/Documentation:Splunk:Overview:Extending:6.2,Ok (http://dev.splunk.com/view/webframework-codeexamples/SP-CAAAEU7)
https://docs.splunk.com/Documentation:Splunk:Overview:Extending:6.2,Ok (http://dev.splunk.com/view/rest-api-overview/SP-CAAADP8)
https://docs.splunk.com/Documentation:Splunk:Overview:Extending:6.2,Ok (http://dev.splunk.com/view/rest-api-overview/SP-CAAADP8)
https://docs.splunk.com/Documentation:Splunk:Overview:Extending:6.2,404 (http://dev.splunk.com/view/rest-api-tutorials/SP-CAAADQ6)
https://docs.splunk.com/Documentation:Splunk:Overview:Extending:6.2,404 (http://dev.splunk.com/view/SP-CAAADP5)
https://docs.splunk.com/Documentation:Splunk:Overview:Extending:6.2,Ok (http://dev.splunk.com/view/logging-best-practices/SP-CAAADP6)
https://docs.splunk.com/Documentation:Splunk:Overview:Extending:6.2,404 (http://dev.splunk.com/view/sdks/SP-CAAADP7)
https://docs.splunk.com/Documentation:Splunk:Overview:Extending:6.2,404 (http://dev.splunk.com/view/sdks/SP-CAAADP7)
https://docs.splunk.com/Documentation:Splunk:Overview:Extending:6.3.0beta,Ok (https://dev.splunk.com/)
https://docs.splunk.com/Documentation:Splunk:Overview:Searchingandreporting:7.1.0,Ok (http://dev.splunk.com)
https://docs.splunk.com/Documentation:Splunk:Overview:Searchingandreporting:7.1.0,Ok (http://dev.splunk.com/view/web-framework/SP-CAAAER6)
https://docs.splunk.com/Documentation:Splunk:Overview:SplunkEnterpriseresources:6.5.0,Ok (http://dev.splunk.com)
https://docs.splunk.com/Documentation:Splunk:Overview:SplunkEnterpriseresources:6.5.0,Ok (http://dev.splunk.com)
https://docs.splunk.com/Documentation:Splunk:Preview:AboutAudit:3.2,Ok (https://dev.splunk.com/)
https://docs.splunk.com/Documentation:Splunk:Preview:AboutMining:3.2,Ok (https://dev.splunk.com/)
https://docs.splunk.com/Documentation:Splunk:Preview:AboutPorting:3.1.1,Ok (https://dev.splunk.com/)
https://docs.splunk.com/Documentation:Splunk:Preview:AboutPreview:3.1.2,Ok (https://dev.splunk.com/)
https://docs.splunk.com/Documentation:Splunk:Preview:AboutRoles:3.2,Ok (https://dev.splunk.com/)
https://docs.splunk.com/Documentation:Splunk:Preview:AboutSearch:3.2,Ok (https://dev.splunk.com/)
https://docs.splunk.com/Documentation:Splunk:Preview:AboutWindows:3.2,Ok (https://dev.splunk.com/)
https://docs.splunk.com/Documentation:Splunk:Preview:ScriptedAuthentication:3.1.4,Ok (https://dev.splunk.com/)
https://docs.splunk.com/Documentation:Splunk:Preview:WelcomeToSplunkPreview:3.2,Ok (https://dev.splunk.com/)
https://docs.splunk.com/Documentation:Splunk:Python3Migration:ChangesCloud:7.3.0,Ok (http://dev.splunk.com)
https://docs.splunk.com/Documentation:Splunk:Python3Migration:ChangesCloud:7.3.0,404 (http://dev.splunk.com/view/app-cert/SP-CAAAFEP)
https://docs.splunk.com/Documentation:Splunk:Python3Migration:PythonDevelopment:8.0.0,Ok (http://dev.splunk.com)
https://docs.splunk.com/Documentation:Splunk:Python3Migration:PythonDevelopment:8.0.0,404 (http://dev.splunk.com/python)
https://docs.splunk.com/Documentation:Splunk:Python3Migration:Resources:7.3.0,Ok (http://dev.splunk.com)
https://docs.splunk.com/Documentation:Splunk:Python3Migration:Resources:7.3.0,Ok (http://dev.splunk.com/view/appinspect/SP-CAAAFAN)
https://docs.splunk.com/Documentation:Splunk:RESTAPI:RESTaccess:4.2.2,Ok (https://dev.splunk.com/)
https://docs.splunk.com/Documentation:Splunk:RESTAPI:RESTaccess:6.0beta,Ok (https://dev.splunk.com/)
https://docs.splunk.com/Documentation:Splunk:RESTAPI:RESTapps:4.2.2,Ok (https://dev.splunk.com/)
https://docs.splunk.com/Documentation:Splunk:RESTAPI:RESTatom:6.0beta,Ok (https://dev.splunk.com/)
https://docs.splunk.com/Documentation:Splunk:RESTAPI:RESTcluster:5.0.3,Ok (https://dev.splunk.com/)
https://docs.splunk.com/Documentation:Splunk:RESTAPI:RESTcluster:6.1beta,Ok (https://dev.splunk.com/)
https://docs.splunk.com/Documentation:Splunk:RESTAPI:RESTcluster:Dash,Ok (https://dev.splunk.com/)
https://docs.splunk.com/Documentation:Splunk:RESTAPI:RESTconfig:4.2.2,Ok (https://dev.splunk.com/)
https://docs.splunk.com/Documentation:Splunk:RESTAPI:RESTconfig:6.0beta,Ok (https://dev.splunk.com/)
https://docs.splunk.com/Documentation:Splunk:RESTAPI:RESTconfig:Dash,Ok (https://dev.splunk.com/)
https://docs.splunk.com/Documentation:Splunk:RESTAPI:RESTconfigurations:4.2.2,Ok (https://dev.splunk.com/)
https://docs.splunk.com/Documentation:Splunk:RESTAPI:RESTconfigurations:6.0beta,Ok (https://dev.splunk.com/)
https://docs.splunk.com/Documentation:Splunk:RESTAPI:RESTdeploy:6.0,Ok (http://dev.splunk.com)
https://docs.splunk.com/Documentation:Splunk:RESTAPI:RESTexamples:4.2.2,Ok (https://dev.splunk.com/)
https://docs.splunk.com/Documentation:Splunk:RESTAPI:RESTexamples:6.0beta,Ok (https://dev.splunk.com/)
https://docs.splunk.com/Documentation:Splunk:RESTAPI:RESTindex:4.2.2,Ok (https://dev.splunk.com/)
https://docs.splunk.com/Documentation:Splunk:RESTAPI:RESTindex:6.1beta,Ok (https://dev.splunk.com/)
https://docs.splunk.com/Documentation:Splunk:RESTAPI:RESTinput:4.2.2,Ok (https://dev.splunk.com/)
https://docs.splunk.com/Documentation:Splunk:RESTAPI:RESTinput:6.0beta,Ok (https://dev.splunk.com/)
https://docs.splunk.com/Documentation:Splunk:RESTAPI:RESTknowledge:4.2.2,Ok (https://dev.splunk.com/)
https://docs.splunk.com/Documentation:Splunk:RESTAPI:RESTknowledge:6.1beta,Ok (https://dev.splunk.com/)
https://docs.splunk.com/Documentation:Splunk:RESTAPI:RESTlicense:4.2.2,Ok (https://dev.splunk.com/)
https://docs.splunk.com/Documentation:Splunk:RESTAPI:RESTlicense:6.0beta,Ok (https://dev.splunk.com/)
https://docs.splunk.com/Documentation:Splunk:RESTAPI:RESToutput:4.2.2,Ok (https://dev.splunk.com/)
https://docs.splunk.com/Documentation:Splunk:RESTAPI:RESToutput:6.0beta,Ok (https://dev.splunk.com/)
https://docs.splunk.com/Documentation:Splunk:RESTAPI:RESTsearch:4.2.2,Ok (https://dev.splunk.com/)
https://docs.splunk.com/Documentation:Splunk:RESTAPI:RESTsearch:6.0beta,Ok (https://dev.splunk.com/)
https://docs.splunk.com/Documentation:Splunk:RESTAPI:RESTsystem:4.2.2,Ok (https://dev.splunk.com/)
https://docs.splunk.com/Documentation:Splunk:RESTAPI:RESTsystem:6.1beta,Ok (https://dev.splunk.com/)
https://docs.splunk.com/Documentation:Splunk:RESTAPI:RESTusing:4.2.2,Ok (https://dev.splunk.com/)
https://docs.splunk.com/Documentation:Splunk:RESTAPI:RESTusing:6.0beta,Ok (https://dev.splunk.com/)
https://docs.splunk.com/Documentation:Splunk:RESTREF:RESTaccess:7.2.0,Ok (http://dev.splunk.com)
https://docs.splunk.com/Documentation:Splunk:RESTREF:RESTaccessExamples:6.3.1511,Ok (https://dev.splunk.com/)
https://docs.splunk.com/Documentation:Splunk:RESTREF:RESTcluster:7.2.2,Ok (http://dev.splunk.com)
https://docs.splunk.com/Documentation:Splunk:RESTREF:RESTclusterExamples:6.6.0,Ok (http://dev.splunk.com)
https://docs.splunk.com/Documentation:Splunk:RESTREF:RESTconfExamples:6.2beta,Ok (https://dev.splunk.com/)
https://docs.splunk.com/Documentation:Splunk:RESTREF:RESTdeploy:8.0.0,Ok (http://dev.splunk.com)
https://docs.splunk.com/Documentation:Splunk:RESTREF:RESTindexExamples:6.2beta,Ok (https://dev.splunk.com/)
https://docs.splunk.com/Documentation:Splunk:RESTREF:RESTinput:8.0.0,Ok (http://dev.splunk.com)
https://docs.splunk.com/Documentation:Splunk:RESTREF:RESTinputExamples:6.5.0,Ok (http://dev.splunk.com)
https://docs.splunk.com/Documentation:Splunk:RESTREF:RESTintrospect:8.0.0,Ok (http://dev.splunk.com)
https://docs.splunk.com/Documentation:Splunk:RESTREF:RESTintrospectExamples:6.3.0beta,Ok (https://dev.splunk.com/)
https://docs.splunk.com/Documentation:Splunk:RESTREF:RESTknowledge:8.0.0,Ok (http://dev.splunk.com)
https://docs.splunk.com/Documentation:Splunk:RESTREF:RESTknowledgeExamples:6.2beta,Ok (https://dev.splunk.com/)
https://docs.splunk.com/Documentation:Splunk:RESTREF:RESTkvstore:7.1.0,Ok (http://dev.splunk.com)
https://docs.splunk.com/Documentation:Splunk:RESTREF:RESTkvstore:7.1.0,Ok (http://dev.splunk.com/view/SP-CAAAEY7)
https://docs.splunk.com/Documentation:Splunk:RESTREF:RESTlicenseExamples:6.3.0beta,Ok (https://dev.splunk.com/)
https://docs.splunk.com/Documentation:Splunk:RESTREF:RESTmetrics:7.3.1,Ok (http://dev.splunk.com)
https://docs.splunk.com/Documentation:Splunk:RESTREF:RESTsearch:8.0.0,Ok (http://dev.splunk.com)
https://docs.splunk.com/Documentation:Splunk:RESTREF:RESTsearchExamples:6.3.0beta,Ok (https://dev.splunk.com/)
https://docs.splunk.com/Documentation:Splunk:RESTREF:RESTworkloads:8.0.0,Ok (http://dev.splunk.com)
https://docs.splunk.com/Documentation:Splunk:RESTTUT:RESTconfigurations:6.5.0,Ok (http://dev.splunk.com)
https://docs.splunk.com/Documentation:Splunk:RESTUM:RESTatom:Dash,Ok (https://dev.splunk.com/)
https://docs.splunk.com/Documentation:Splunk:RESTUM:RESTconfigurations:Dash,Ok (https://dev.splunk.com/)
https://docs.splunk.com/Documentation:Splunk:ReleaseNotes:Customdashboards:4.2beta,Ok (https://dev.splunk.com/)
https://docs.splunk.com/Documentation:Splunk:ReleaseNotes:MeetSplunk:6.0.9,Ok (http://dev.splunk.com)
https://docs.splunk.com/Documentation:Splunk:ReleaseNotes:MeetSplunk:6.0.9,Ok (http://dev.splunk.com/view/SP-CAAAER6)
https://docs.splunk.com/Documentation:Splunk:ReleaseNotes:MeetSplunk:6.0.9,Not mapped (http://dev.splunk.com.)
https://docs.splunk.com/Documentation:Splunk:ReleaseNotes:MeetSplunk:6.0.9,Ok (http://dev.splunk.com)
https://docs.splunk.com/Documentation:Splunk:SEGDITrans:NonTranscludedHEC:1,Ok (https://dev.splunk.com/)
https://docs.splunk.com/Documentation:Splunk:Search:Aboutcustomsearchcommands:6.2beta,Ok (https://dev.splunk.com/)
https://docs.splunk.com/Documentation:Splunk:Search:Controlaccesstothecustomcommand:6.2beta,Ok (https://dev.splunk.com/)
https://docs.splunk.com/Documentation:Splunk:Search:Customsearchcommandshape:5.0beta,Ok (https://dev.splunk.com/)
https://docs.splunk.com/Documentation:Splunk:Search:ExportdatausingSDKs:6.2beta,Ok (https://dev.splunk.com/)
https://docs.splunk.com/Documentation:Splunk:Search:Exportsearchresults:6.2beta,Ok (https://dev.splunk.com/)
https://docs.splunk.com/Documentation:Splunk:Search:Exportsearchresults:6.4.0,Ok (http://dev.splunk.com)
https://docs.splunk.com/Documentation:Splunk:Search:Exportsearchresults:6.4.0,Ok (http://dev.splunk.com/view/splunk-sdk/SP-CAAADP7)
https://docs.splunk.com/Documentation:Splunk:Search:Writeasearchcommand:6.4.0,Ok (http://dev.splunk.com)
https://docs.splunk.com/Documentation:Splunk:Search:Writeasearchcommand:6.4.0,"Ok (
https://dev.splunk.com/view/custom-spl/SP-CAAAFFT)"
https://docs.splunk.com/Documentation:Splunk:Security:ManageAuthTokens:8.0.0,Ok (http://dev.splunk.com)
https://docs.splunk.com/Documentation:Splunk:Security:UseAuthTokens:8.0.0,Ok (http://dev.splunk.com)
https://docs.splunk.com/Documentation:Splunk:Tmp:PreviewIntroPageTemplate:3.1.1,Ok (https://dev.splunk.com/)
https://docs.splunk.com/Documentation:Splunk:Troubleshooting:WhatSplunklogsaboutitself:7.0.0,Ok (http://dev.splunk.com)
https://docs.splunk.com/Documentation:Splunk:Troubleshooting:WhatSplunklogsaboutitself:7.0.0,404 (http://dev.splunk.com/view/webframework-djangobindings/SP-CAAAEM6)
https://docs.splunk.com/Documentation:Splunk:Troubleshooting:WhatSplunklogsaboutitself:7.0.0,Ok (http://dev.splunk.com/view/web-framework/SP-CAAAER6)
https://docs.splunk.com/Documentation:Splunk:Troubleshooting:WhatSplunklogsaboutitself:7.0.0,Ok (http://dev.splunk.com/view/web-framework/SP-CAAAER6)
https://docs.splunk.com/Documentation:Splunk:Troubleshooting:WhatSplunklogsaboutitself:7.0.0,Ok (http://dev.splunk.com/view/web-framework/SP-CAAAER6)
https://docs.splunk.com/Documentation:Splunk:Viz:CustomizeSimpleXML:6.5.0,Ok (http://dev.splunk.com)
https://docs.splunk.com/Documentation:Splunk:Viz:CustomizeSimpleXML:6.5.0,Ok (http://dev.splunk.com/view/SP-CAAAE4A)
https://docs.splunk.com/Documentation:Splunk:Viz:DashboardWorkflow:6.3.0beta,Ok (https://dev.splunk.com/)
https://docs.splunk.com/Documentation:Splunk:Viz:ExportHTML:7.2.0,Ok (http://dev.splunk.com)
https://docs.splunk.com/Documentation:Splunk:Viz:ExportHTML:7.2.0,Ok (http://dev.splunk.com/view/SP-CAAAEM2)
https://docs.splunk.com/Documentation:Splunk:Viz:ExportHTML:7.2.0,Ok (http://dev.splunk.com/view/SP-CAAAE6T)
https://docs.splunk.com/Documentation:Splunk:Viz:SplunkSDKs:5.0beta,Ok (https://dev.splunk.com/)
https://docs.splunk.com/Documentation:Splunk:Viz:SplunkSDKs:Cupcake,Ok (https://dev.splunk.com/)
https://docs.splunk.com/Documentation:Splunk:Viz:WebFramework:7.3.1,Ok (http://dev.splunk.com)
https://docs.splunk.com/Documentation:Splunk:Viz:WebFramework:7.3.1,Ok (http://dev.splunk.com/view/SP-CAAAEM2)
https://docs.splunk.com/Documentation:Splunk:Viz:WebFramework:7.3.1,Ok (http://dev.splunk.com/view/SP-CAAAE4A)
https://docs.splunk.com/Documentation:Splunk:Viz:WebFramework:7.3.1,404 (http://dev.splunk.com/view/webframework-splunkjsstack/SP-CAAAESV)
https://docs.splunk.com/Documentation:Splunk:Viz:WebFramework:7.3.1,404 (http://dev.splunk.com/webframework)
https://docs.splunk.com/Documentation:Splunk:Viz:tokens:7.1.0,Ok (http://dev.splunk.com)
https://docs.splunk.com/Documentation:Splunk:Viz:tokens:7.1.0,Ok (http://dev.splunk.com/view/SP-CAAAEQB)
https://docs.splunk.com/Documentation:SplunkCloud:Data:Senddata:drafts,Ok (https://dev.splunk.com/)
https://docs.splunk.com/Documentation:SplunkCloud:Data:UsetheHTTPEventCollector:GDItemp,Ok (https://dev.splunk.com/)
https://docs.splunk.com/Documentation:SplunkCloud:Data:UsetheHTTPEventCollector:drafts,Ok (https://dev.splunk.com/)
https://docs.splunk.com/Documentation:SplunkCloud:FAQs:FAQs:6.5.0,Ok (https://dev.splunk.com/)
https://docs.splunk.com/Documentation:SplunkCloud:FAQs:FAQs:SplunkCloud,Ok (https://dev.splunk.com/)
https://docs.splunk.com/Documentation:SplunkCloud:Service:SplunkCloudservice:8.0.0,Ok (http://dev.splunk.com)
https://docs.splunk.com/Documentation:SplunkCloud:Service:SplunkCloudservice:8.0.0,404 (http://dev.splunk.com/view/app-cert/SP-CAAAE85)
https://docs.splunk.com/Documentation:SplunkCloud:Service:SplunkCloudservice:8.0.0,404 (http://dev.splunk.com/view/app-cert/SP-CAAAFB5)
https://docs.splunk.com/Documentation:SplunkCloud:User:AdddatausingHTTPeventcollector:SplunkCloudDraft,Ok (https://dev.splunk.com/)
https://docs.splunk.com/Documentation:SplunkCloud:User:CollectHTMLevents:SplunkCloudDraft,Ok (https://dev.splunk.com/)
https://docs.splunk.com/Documentation:SplunkCloud:User:DataSplunkCloudcanindex:drafts,Ok (https://dev.splunk.com/)
https://docs.splunk.com/Documentation:SplunkCloud:User:DataVisualsOverview:sandbox,Ok (https://dev.splunk.com/)
https://docs.splunk.com/Documentation:SplunkCloud:User:GetstartedwithSplunkCloud:JackHammer,Ok (https://dev.splunk.com/)
https://docs.splunk.com/Documentation:SplunkCloud:User:GetstartedwithSplunkCloud:drafts,Ok (https://dev.splunk.com/)
https://docs.splunk.com/Documentation:SplunkCloud:User:PrivateApps:6.5.1612,Ok (https://dev.splunk.com/)
https://docs.splunk.com/Documentation:SplunkCloud:User:SelfServiceAppInstall:6.5.1612,Ok (https://dev.splunk.com/)
https://docs.splunk.com/Documentation:SplunkCloud:User:WelcometoSplunkCloud:SplunkCloudDraft,Ok (https://dev.splunk.com/)
https://docs.splunk.com/Documentation:SplunkInvestigate:Use:IngestAPI:Current,Ok (http://dev.splunk.com)
https://docs.splunk.com/Documentation:SplunkInvestigate:Use:IngestAPI:Current,Ok (https://dev.splunk.com/scs/reference/api/ingest/v1beta2)
https://docs.splunk.com/Documentation:SplunkJSStack,Ok (http://dev.splunk.com)
https://docs.splunk.com/Documentation:SplunkLight:GettingStarted:UsingHTTPeventcollector:6.2.2,Ok (http://dev.splunk.com)
https://docs.splunk.com/Documentation:SplunkWebFramework,Ok (http://dev.splunk.com)
https://docs.splunk.com/Documentation:Splunkbase,Ok (http://dev.splunk.com)
https://docs.splunk.com/Documentation:Splunkbase:SBAPI:Listentitlements:current,Ok (https://dev.splunk.com/)
https://docs.splunk.com/Documentation:Splunkbase:Splunkbase:Aboutsubmittingcontent:splunkbase,Ok (http://dev.splunk.com)
https://docs.splunk.com/Documentation:Splunkbase:Splunkbase:Aboutsubmittingcontent:splunkbase,Ok (https://dev.splunk.com/enterprise/docs/developapps)
https://docs.splunk.com/Documentation:Splunkbase:Splunkbase:Aboutsubmittingcontent:splunkbase,Ok (http://dev.splunk.com)
https://docs.splunk.com/Documentation:Splunkbase:Splunkbase:Aboutsubmittingcontent:splunkbase,Ok (https://dev.splunk.com/enterprise/docs/releaseapps/packagingtoolkit)
https://docs.splunk.com/Documentation:Splunkbase:Splunkbase:Aboutsubmittingcontent:splunkbase,Ok (http://dev.splunk.com)
https://docs.splunk.com/Documentation:Splunkbase:Splunkbase:Aboutsubmittingcontent:splunkbase,Ok (https://dev.splunk.com/enterprise/docs/developapps)
https://docs.splunk.com/Documentation:Splunkbase:Splunkbase:Aboutsubmittingcontent:splunkbase,Ok (http://dev.splunk.com)
https://docs.splunk.com/Documentation:Splunkbase:Splunkbase:Aboutsubmittingcontent:splunkbase,Ok (https://dev.splunk.com/enterprise/docs/releaseapps/packagingtoolkit)
https://docs.splunk.com/Documentation:Splunkbase:Splunkbase:Aboutsubmittingcontent:splunkbase,Ok (http://dev.splunk.com)
https://docs.splunk.com/Documentation:Splunkbase:Splunkbase:Aboutsubmittingcontent:splunkbase,Ok (https://dev.splunk.com/enterprise/docs/developapps)
https://docs.splunk.com/Documentation:Splunkbase:Splunkbase:Aboutsubmittingcontent:splunkbase,Ok (http://dev.splunk.com)
https://docs.splunk.com/Documentation:Splunkbase:Splunkbase:Aboutsubmittingcontent:splunkbase,Ok (https://dev.splunk.com/enterprise/docs/releaseapps/packagingtoolkit)
https://docs.splunk.com/Documentation:Splunkbase:Splunkbase:ManagecontentonSplunkbase:drafts,Ok (https://dev.splunk.com/)
https://docs.splunk.com/Documentation:Splunkbase:Splunkbase:ManagecontentonSplunkbase:splunkbase,Ok (http://dev.splunk.com)
https://docs.splunk.com/Documentation:Splunkbase:Splunkbase:ManagecontentonSplunkbase:splunkbase,Ok (http://dev.splunk.com/view/SP-CAAAE86)
https://docs.splunk.com/Documentation:Splunkbase:Splunkbase:Namecategoryandcontenttype:splunkbase,Ok (http://dev.splunk.com)
https://docs.splunk.com/Documentation:Splunkbase:Splunkbase:Namecategoryandcontenttype:splunkbase,Ok (http://dev.splunk.com/view/SP-CAAAEMY#cleanup)
https://docs.splunk.com/Documentation:Splunkbase:Splunkbase:Optionsforsubmittingcontent:drafts,Ok (https://dev.splunk.com/)
https://docs.splunk.com/Documentation:Splunkbase:Splunkbase:Optionsforsubmittingcontent:drafts,Ok (https://dev.splunk.com/)
https://docs.splunk.com/Documentation:Splunkbase:Splunkbase:Optionsforsubmittingcontent:splunkbase,Ok (http://dev.splunk.com)
https://docs.splunk.com/Documentation:Splunkbase:Splunkbase:Optionsforsubmittingcontent:splunkbase,404 (http://dev.splunk.com/view/SP-CAAAEM9)
https://docs.splunk.com/Documentation:Splunkbase:Splunkbase:Optionsforsubmittingcontent:splunkbase,Ok (http://dev.splunk.com/view/appinspect/SP-CAAAE9U)
https://docs.splunk.com/Documentation:Splunkbase:Splunkbase:Optionsforsubmittingcontent:splunkbase,Ok (http://dev.splunk.com)
https://docs.splunk.com/Documentation:Splunkbase:Splunkbase:Optionsforsubmittingcontent:splunkbase,404 (http://dev.splunk.com/view/SP-CAAAEM9)
https://docs.splunk.com/Documentation:Splunkbase:Splunkbase:Optionsforsubmittingcontent:splunkbase,Ok (http://dev.splunk.com/view/appinspect/SP-CAAAE9U)
https://docs.splunk.com/Documentation:Splunkbase:Splunkbase:SubmitcontenttoSplunkbase:drafts,Ok (https://dev.splunk.com/)
https://docs.splunk.com/Documentation:Splunkbase:Splunkbase:SubmitcontenttoSplunkbase:drafts,Ok (https://dev.splunk.com/)
https://docs.splunk.com/Documentation:Splunkbase:Splunkbase:SubmitcontenttoSplunkbase:splunkbase,Ok (http://dev.splunk.com)
https://docs.splunk.com/Documentation:Splunkbase:Splunkbase:SubmitcontenttoSplunkbase:splunkbase,Ok (http://dev.splunk.com/view/SP-CAAAEMY)
https://docs.splunk.com/Documentation:Splunkbase:Splunkbase:SubmitcontenttoSplunkbase:splunkbase,Ok (http://dev.splunk.com/view/SP-CAAAEMY)
https://docs.splunk.com/Documentation:Splunkbase:Splunkbase:SubmitcontenttoSplunkbase:splunkbase,Ok (http://dev.splunk.com)
https://docs.splunk.com/Documentation:Splunkbase:Splunkbase:SubmitcontenttoSplunkbase:splunkbase,Ok (http://dev.splunk.com/view/SP-CAAAEMY)
